sample_size,mean_of_means,std_of_means
10,59799.174399999996,7136.208692997609
50,59879.451759999996,3128.7638218382904
100,59729.454739999994,2216.4589046620713
